{"cameraMode":{"drawMode":0,"name":"Shaded","section":"Shading Mode"},"sceneLighting":false,"audioPlay":false,"sceneViewState":{"showFog":true,"showMaterialUpdate":false,"showSkybox":false,"showFlares":true,"showImageEffects":true,"showParticleSystems":true},"in2DMode":false,"pivot":{"x":-1.7679924964904786,"y":-6.081062316894531,"z":5.458522796630859},"rotation":{"x":-0.3423522114753723,"y":-0.024098196998238565,"z":0.008444002829492092,"w":-0.93930584192276},"size":15.684754371643067,"orthographic":false}