{"cameraMode":{"drawMode":0,"name":"Shaded","section":"Shading Mode"},"sceneLighting":false,"audioPlay":false,"sceneViewState":{"showFog":true,"showMaterialUpdate":false,"showSkybox":false,"showFlares":true,"showImageEffects":true,"showParticleSystems":true},"in2DMode":false,"pivot":{"x":-0.7046232223510742,"y":3.643014907836914,"z":11.022065162658692},"rotation":{"x":-0.1952691227197647,"y":0.20274204015731812,"z":-0.04167702794075012,"w":-0.9587402939796448},"size":13.565638542175293,"orthographic":false}