{"cameraMode":{"drawMode":0,"name":"Shaded","section":"Shading Mode"},"sceneLighting":false,"audioPlay":false,"sceneViewState":{"showFog":true,"showMaterialUpdate":false,"showSkybox":false,"showFlares":true,"showImageEffects":true,"showParticleSystems":true},"in2DMode":false,"pivot":{"x":2.1272592544555666,"y":1.0197699069976807,"z":-0.17062556743621827},"rotation":{"x":0.07510427385568619,"y":-0.019939851015806199,"z":-0.0056536030024290089,"w":0.9976203441619873},"size":1.8359811305999756,"orthographic":true}