{"cameraMode":{"drawMode":0,"name":"Shaded","section":"Shading Mode"},"sceneLighting":false,"audioPlay":false,"sceneViewState":{"showFog":true,"showMaterialUpdate":false,"showSkybox":false,"showFlares":true,"showImageEffects":true,"showParticleSystems":true},"in2DMode":false,"pivot":{"x":0.0,"y":0.8421500325202942,"z":-0.016641169786453248},"rotation":{"x":0.32123371958732607,"y":-0.3333621919155121,"z":0.12281005084514618,"w":0.8780605792999268},"size":1.3436055183410645,"orthographic":true}