{"cameraMode":{"drawMode":0,"name":"Shaded","section":"Shading Mode"},"sceneLighting":false,"audioPlay":false,"sceneViewState":{"showFog":true,"showMaterialUpdate":false,"showSkybox":false,"showFlares":true,"showImageEffects":true,"showParticleSystems":true},"in2DMode":false,"pivot":{"x":0.0,"y":1.9832402467727662,"z":0.5000152587890625},"rotation":{"x":0.24266858398914338,"y":-0.4359491765499115,"z":0.12406668066978455,"w":0.8578473329544067},"size":18.753585815429689,"orthographic":true}