{"cameraMode":{"drawMode":0,"name":"Shaded","section":"Shading Mode"},"sceneLighting":false,"audioPlay":false,"sceneViewState":{"showFog":true,"showMaterialUpdate":false,"showSkybox":false,"showFlares":true,"showImageEffects":true,"showParticleSystems":true},"in2DMode":false,"pivot":{"x":0.0,"y":0.4009999930858612,"z":0.05000000074505806},"rotation":{"x":0.002280239714309573,"y":0.9750906229019165,"z":0.008709879592061043,"w":-0.22196844220161439},"size":0.16500000655651093,"orthographic":false}