{"cameraMode":{"drawMode":0,"name":"Shaded","section":"Shading Mode"},"sceneLighting":true,"audioPlay":false,"sceneViewState":{"showFog":true,"showMaterialUpdate":false,"showSkybox":false,"showFlares":true,"showImageEffects":true,"showParticleSystems":true},"in2DMode":false,"pivot":{"x":-0.030071258544921876,"y":-3.353708267211914,"z":0.026317596435546876},"rotation":{"x":0.10867701470851898,"y":0.8697693347930908,"z":-0.2211860567331314,"w":0.4275856018066406},"size":37.712223052978519,"orthographic":true}