{"cameraMode":{"drawMode":0,"name":"Shaded","section":"Shading Mode"},"sceneLighting":false,"audioPlay":false,"sceneViewState":{"showFog":true,"showMaterialUpdate":false,"showSkybox":false,"showFlares":true,"showImageEffects":true,"showParticleSystems":true},"in2DMode":false,"pivot":{"x":-1232.723876953125,"y":0.9890040159225464,"z":118.1385269165039},"rotation":{"x":-0.04802386090159416,"y":0.0007070707506500185,"z":0.006180411204695702,"w":-0.9995377063751221},"size":1.4421395063400269,"orthographic":true}