{"cameraMode":{"drawMode":0,"name":"Shaded","section":"Shading Mode"},"sceneLighting":false,"audioPlay":false,"sceneViewState":{"showFog":true,"showMaterialUpdate":false,"showSkybox":false,"showFlares":true,"showImageEffects":true,"showParticleSystems":true},"in2DMode":false,"pivot":{"x":-910.7294311523438,"y":0.75,"z":22.489864349365236},"rotation":{"x":0.6406432390213013,"y":-0.010375982150435448,"z":0.008636631071567536,"w":0.7677397727966309},"size":4.427591800689697,"orthographic":true}