{"cameraMode":{"drawMode":0,"name":"Shaded","section":"Shading Mode"},"sceneLighting":false,"audioPlay":false,"sceneViewState":{"showFog":true,"showMaterialUpdate":false,"showSkybox":false,"showFlares":true,"showImageEffects":true,"showParticleSystems":true},"in2DMode":false,"pivot":{"x":1.3936614990234376,"y":7.829951286315918,"z":47.298004150390628},"rotation":{"x":0.1720733493566513,"y":0.8122159242630005,"z":-0.4777943789958954,"w":0.28803783655166628},"size":104.48806762695313,"orthographic":true}