{"cameraMode":{"drawMode":0,"name":"Shaded","section":"Shading Mode"},"sceneLighting":false,"audioPlay":false,"sceneViewState":{"showFog":true,"showMaterialUpdate":false,"showSkybox":false,"showFlares":true,"showImageEffects":true,"showParticleSystems":true},"in2DMode":false,"pivot":{"x":-7.354001998901367,"y":11.160262107849121,"z":3.1653976440429689},"rotation":{"x":0.00872592069208622,"y":0.30123522877693179,"z":0.0022503589279949667,"w":-0.9535886645317078},"size":37.16871643066406,"orthographic":false}