{"cameraMode":{"drawMode":0,"name":"Shaded","section":"Shading Mode"},"sceneLighting":false,"audioPlay":false,"sceneViewState":{"showFog":true,"showMaterialUpdate":false,"showSkybox":false,"showFlares":true,"showImageEffects":true,"showParticleSystems":true},"in2DMode":false,"pivot":{"x":196.95071411132813,"y":-39.40177917480469,"z":87.02091979980469},"rotation":{"x":0.027853308245539666,"y":0.14316752552986146,"z":-0.002438231837004423,"w":0.9895952343940735},"size":694.5747680664063,"orthographic":true}