{"cameraMode":{"drawMode":0,"name":"Shaded","section":"Shading Mode"},"sceneLighting":false,"audioPlay":false,"sceneViewState":{"showFog":true,"showMaterialUpdate":false,"showSkybox":false,"showFlares":true,"showImageEffects":true,"showParticleSystems":true},"in2DMode":false,"pivot":{"x":-15.669586181640625,"y":12.157772064208985,"z":44.95875549316406},"rotation":{"x":-0.41186773777008059,"y":0.20189757645130158,"z":-0.0959203839302063,"w":-0.883704423904419},"size":104.04151153564453,"orthographic":true}