{"cameraMode":{"drawMode":0,"name":"Shaded","section":"Shading Mode"},"sceneLighting":false,"audioPlay":false,"sceneViewState":{"showFog":true,"showMaterialUpdate":false,"showSkybox":false,"showFlares":true,"showImageEffects":true,"showParticleSystems":true},"in2DMode":false,"pivot":{"x":-0.06588459014892578,"y":-2.3240461349487306,"z":-0.6657805442810059},"rotation":{"x":-0.1005009338259697,"y":0.752179741859436,"z":-0.11850373446941376,"w":-0.6404958963394165},"size":19.604595184326173,"orthographic":false}