{"cameraMode":{"drawMode":0,"name":"Shaded","section":"Shading Mode"},"sceneLighting":false,"audioPlay":false,"sceneViewState":{"showFog":true,"showMaterialUpdate":false,"showSkybox":false,"showFlares":true,"showImageEffects":true,"showParticleSystems":true},"in2DMode":false,"pivot":{"x":-0.08276081085205078,"y":5.728938102722168,"z":6.88527250289917},"rotation":{"x":-0.15941262245178224,"y":0.564609169960022,"z":-0.11274901032447815,"w":-0.8020256161689758},"size":5.779418468475342,"orthographic":false}