{"cameraMode":{"drawMode":0,"name":"Shaded","section":"Shading Mode"},"sceneLighting":false,"audioPlay":false,"sceneViewState":{"showFog":true,"showMaterialUpdate":false,"showSkybox":false,"showFlares":true,"showImageEffects":true,"showParticleSystems":true},"in2DMode":false,"pivot":{"x":-0.3466349244117737,"y":6.013941287994385,"z":1.4315481185913087},"rotation":{"x":-0.20983192324638368,"y":-0.03382847458124161,"z":0.006906712427735329,"w":-0.9772078990936279},"size":5.495743274688721,"orthographic":false}