{"cameraMode":{"drawMode":0,"name":"Shaded","section":"Shading Mode"},"sceneLighting":false,"audioPlay":false,"sceneViewState":{"showFog":true,"showMaterialUpdate":false,"showSkybox":false,"showFlares":true,"showImageEffects":true,"showParticleSystems":true},"in2DMode":false,"pivot":{"x":-930.2042236328125,"y":1.500000238418579,"z":24.32787322998047},"rotation":{"x":0.4818427860736847,"y":-0.012732173316180706,"z":0.005042450502514839,"w":0.8767345547676086},"size":5.458870887756348,"orthographic":true}