{"cameraMode":{"drawMode":0,"name":"Shaded","section":"Shading Mode"},"sceneLighting":false,"audioPlay":false,"sceneViewState":{"showFog":true,"showMaterialUpdate":false,"showSkybox":false,"showFlares":true,"showImageEffects":true,"showParticleSystems":true},"in2DMode":false,"pivot":{"x":10.070709228515625,"y":-0.576171875,"z":70.244140625},"rotation":{"x":-0.28964799642562868,"y":0.3401164412498474,"z":-0.11037039011716843,"w":-0.8883485198020935},"size":6.757038116455078,"orthographic":true}