{"cameraMode":{"drawMode":0,"name":"Shaded","section":"Shading Mode"},"sceneLighting":false,"audioPlay":false,"sceneViewState":{"showFog":true,"showMaterialUpdate":false,"showSkybox":false,"showFlares":true,"showImageEffects":true,"showParticleSystems":true},"in2DMode":false,"pivot":{"x":8.201369285583496,"y":1.8865094184875489,"z":-1.037696361541748},"rotation":{"x":-0.1521025449037552,"y":0.5282447934150696,"z":-0.09722482413053513,"w":-0.829772412776947},"size":12.651177406311036,"orthographic":false}