{"cameraMode":{"drawMode":0,"name":"Shaded","section":"Shading Mode"},"sceneLighting":false,"audioPlay":false,"sceneViewState":{"showFog":true,"showMaterialUpdate":false,"showSkybox":false,"showFlares":true,"showImageEffects":true,"showParticleSystems":true},"in2DMode":false,"pivot":{"x":-2.690913677215576,"y":1.5814404487609864,"z":-0.701763927936554},"rotation":{"x":-0.1521025449037552,"y":0.5282447934150696,"z":-0.09722482413053513,"w":-0.829772412776947},"size":2.1503984928131105,"orthographic":false}