{"cameraMode":{"drawMode":0,"name":"Shaded","section":"Shading Mode"},"sceneLighting":false,"audioPlay":false,"sceneViewState":{"showFog":true,"showMaterialUpdate":false,"showSkybox":false,"showFlares":true,"showImageEffects":true,"showParticleSystems":true},"in2DMode":false,"pivot":{"x":0.0,"y":0.000857967883348465,"z":0.003738515079021454},"rotation":{"x":0.2726324796676636,"y":0.28675776720046999,"z":-0.08478032797574997,"w":0.9145997166633606},"size":0.2670671045780182,"orthographic":true}