{"cameraMode":{"drawMode":0,"name":"Shaded","section":"Shading Mode"},"sceneLighting":false,"audioPlay":false,"sceneViewState":{"showFog":true,"showMaterialUpdate":false,"showSkybox":false,"showFlares":true,"showImageEffects":true,"showParticleSystems":true},"in2DMode":false,"pivot":{"x":-485.1786804199219,"y":0.0,"z":4.450652122497559},"rotation":{"x":0.027853308245539666,"y":0.14316752552986146,"z":-0.002438231837004423,"w":0.9895952343940735},"size":1613.096435546875,"orthographic":true}