{"cameraMode":{"drawMode":0,"name":"Shaded","section":"Shading Mode"},"sceneLighting":false,"audioPlay":false,"sceneViewState":{"showFog":true,"showMaterialUpdate":false,"showSkybox":false,"showFlares":true,"showImageEffects":true,"showParticleSystems":true},"in2DMode":false,"pivot":{"x":1.0520939826965333,"y":0.8167386054992676,"z":-1.1637396812438965},"rotation":{"x":0.21325264871120454,"y":-0.23413413763046266,"z":0.04700316861271858,"w":0.948170006275177},"size":2.3630173206329347,"orthographic":true}