{"cameraMode":{"drawMode":0,"name":"Shaded","section":"Shading Mode"},"sceneLighting":true,"audioPlay":false,"sceneViewState":{"showFog":true,"showMaterialUpdate":false,"showSkybox":false,"showFlares":true,"showImageEffects":true,"showParticleSystems":true},"in2DMode":false,"pivot":{"x":-0.015035629272460938,"y":7.187337875366211,"z":0.02428436279296875},"rotation":{"x":0.10912944376468659,"y":0.8594136834144592,"z":-0.20624402165412904,"w":0.45499730110168459},"size":39.32551193237305,"orthographic":true}