{"cameraMode":{"drawMode":0,"name":"Shaded","section":"Shading Mode"},"sceneLighting":false,"audioPlay":false,"sceneViewState":{"showFog":true,"showMaterialUpdate":false,"showSkybox":false,"showFlares":true,"showImageEffects":true,"showParticleSystems":true},"in2DMode":false,"pivot":{"x":2.552440643310547,"y":8.179800033569336,"z":-8.416755676269532},"rotation":{"x":-0.40745261311531069,"y":-0.5834856629371643,"z":0.41739892959594729,"w":-0.5657621026039124},"size":75.49576568603516,"orthographic":true}