{"cameraMode":{"drawMode":0,"name":"Shaded","section":"Shading Mode"},"sceneLighting":false,"audioPlay":false,"sceneViewState":{"showFog":true,"showMaterialUpdate":false,"showSkybox":false,"showFlares":true,"showImageEffects":true,"showParticleSystems":true},"in2DMode":false,"pivot":{"x":-7.562503814697266,"y":6.740872383117676,"z":6.532447814941406},"rotation":{"x":0.008719699457287789,"y":0.8728851675987244,"z":-0.4882340729236603,"w":0.012386087328195572},"size":85.65495300292969,"orthographic":true}