{"cameraMode":{"drawMode":0,"name":"Shaded","section":"Shading Mode"},"sceneLighting":false,"audioPlay":false,"sceneViewState":{"showFog":true,"showMaterialUpdate":false,"showSkybox":false,"showFlares":true,"showImageEffects":true,"showParticleSystems":true},"in2DMode":false,"pivot":{"x":57.13902282714844,"y":6.755947589874268,"z":23.610206604003908},"rotation":{"x":0.40872758626937868,"y":0.34460148215293887,"z":-0.16779468953609467,"w":0.8285912275314331},"size":211.600341796875,"orthographic":true}