{"cameraMode":{"drawMode":0,"name":"Shaded","section":"Shading Mode"},"sceneLighting":false,"audioPlay":false,"sceneViewState":{"showFog":true,"showMaterialUpdate":false,"showSkybox":false,"showFlares":true,"showImageEffects":true,"showParticleSystems":true},"in2DMode":false,"pivot":{"x":-13.704097747802735,"y":4.12000036239624,"z":9.600000381469727},"rotation":{"x":0.002844772767275572,"y":0.9571300745010376,"z":-0.28979310393333437,"w":0.00820049736648798},"size":91.79181671142578,"orthographic":false}