{"cameraMode":{"drawMode":0,"name":"Shaded","section":"Shading Mode"},"sceneLighting":false,"audioPlay":false,"sceneViewState":{"showFog":true,"showMaterialUpdate":false,"showSkybox":false,"showFlares":true,"showImageEffects":true,"showParticleSystems":true},"in2DMode":false,"pivot":{"x":-187.5846405029297,"y":0.8044878244400024,"z":283.298095703125},"rotation":{"x":-0.005399205256253481,"y":0.020093662664294244,"z":-0.0000597141552134417,"w":-0.9998074173927307},"size":2.4967410564422609,"orthographic":true}