{"cameraMode":{"drawMode":0,"name":"Shaded","section":"Shading Mode"},"sceneLighting":false,"audioPlay":false,"sceneViewState":{"showFog":true,"showMaterialUpdate":false,"showSkybox":false,"showFlares":true,"showImageEffects":true,"showParticleSystems":true},"in2DMode":false,"pivot":{"x":-0.8955578804016113,"y":-0.7497777938842773,"z":1.7679386138916016},"rotation":{"x":-0.24266070127487184,"y":0.2216171771287918,"z":-0.05742482468485832,"w":-0.9427926540374756},"size":8.413188934326172,"orthographic":false}