{"cameraMode":{"drawMode":0,"name":"Shaded","section":"Shading Mode"},"sceneLighting":false,"audioPlay":false,"sceneViewState":{"showFog":true,"showMaterialUpdate":false,"showSkybox":false,"showFlares":true,"showImageEffects":true,"showParticleSystems":true},"in2DMode":false,"pivot":{"x":-1.900390625,"y":2.5799999237060549,"z":4.910980224609375},"rotation":{"x":0.3192390203475952,"y":-0.055640462785959247,"z":0.019595284014940263,"w":0.9460135102272034},"size":0.0014758255565539003,"orthographic":true}