{"cameraMode":{"drawMode":0,"name":"Shaded","section":"Shading Mode"},"sceneLighting":false,"audioPlay":false,"sceneViewState":{"showFog":true,"showMaterialUpdate":false,"showSkybox":false,"showFlares":true,"showImageEffects":true,"showParticleSystems":true},"in2DMode":false,"pivot":{"x":11.54929256439209,"y":1.0199999809265137,"z":5.218087196350098},"rotation":{"x":0.2444702684879303,"y":0.19834695756435395,"z":-0.0506582073867321,"w":0.9478983283042908},"size":3.9920685291290285,"orthographic":false}