{"cameraMode":{"drawMode":0,"name":"Shaded","section":"Shading Mode"},"sceneLighting":false,"audioPlay":false,"sceneViewState":{"showFog":true,"showMaterialUpdate":false,"showSkybox":false,"showFlares":true,"showImageEffects":true,"showParticleSystems":true},"in2DMode":false,"pivot":{"x":-1278.97998046875,"y":0.10000000894069672,"z":82.4000015258789},"rotation":{"x":-0.6855856776237488,"y":0.08692248165607453,"z":-0.08382026851177216,"w":-0.7185488343238831},"size":3.085345983505249,"orthographic":true}