{"cameraMode":{"drawMode":0,"name":"Shaded","section":"Shading Mode"},"sceneLighting":false,"audioPlay":false,"sceneViewState":{"showFog":true,"showMaterialUpdate":false,"showSkybox":false,"showFlares":true,"showImageEffects":true,"showParticleSystems":true},"in2DMode":false,"pivot":{"x":3.0406570434570314,"y":4.556020259857178,"z":55.52934265136719},"rotation":{"x":-0.4149917662143707,"y":-0.40051960945129397,"z":0.20598764717578889,"w":-0.7910265326499939},"size":15.362340927124024,"orthographic":true}