{"cameraMode":{"drawMode":0,"name":"Shaded","section":"Shading Mode"},"sceneLighting":false,"audioPlay":false,"sceneViewState":{"showFog":true,"showMaterialUpdate":false,"showSkybox":false,"showFlares":true,"showImageEffects":true,"showParticleSystems":true},"in2DMode":false,"pivot":{"x":-0.33725881576538088,"y":3.2966785430908205,"z":0.826296329498291},"rotation":{"x":-0.3515690863132477,"y":-0.3036351799964905,"z":0.12122663110494614,"w":-0.8773103952407837},"size":4.790946960449219,"orthographic":false}