{"cameraMode":{"drawMode":0,"name":"Shaded","section":"Shading Mode"},"sceneLighting":false,"audioPlay":false,"sceneViewState":{"showFog":true,"showMaterialUpdate":false,"showSkybox":false,"showFlares":true,"showImageEffects":true,"showParticleSystems":true},"in2DMode":false,"pivot":{"x":-882.0241088867188,"y":-0.099884033203125,"z":0.5732574462890625},"rotation":{"x":-0.8170708417892456,"y":0.182850182056427,"z":0.3946549594402313,"w":0.37847116589546206},"size":1932.662353515625,"orthographic":false}