{"cameraMode":{"drawMode":0,"name":"Shaded","section":"Shading Mode"},"sceneLighting":false,"audioPlay":false,"sceneViewState":{"showFog":true,"showMaterialUpdate":false,"showSkybox":false,"showFlares":true,"showImageEffects":true,"showParticleSystems":true},"in2DMode":false,"pivot":{"x":-1.9006800651550294,"y":2.5799999237060549,"z":4.910923957824707},"rotation":{"x":-0.13372531533241273,"y":0.3802400529384613,"z":-0.05606164038181305,"w":-0.9135357737541199},"size":7.210519313812256,"orthographic":false}