{"cameraMode":{"drawMode":0,"name":"Shaded","section":"Shading Mode"},"sceneLighting":false,"audioPlay":false,"sceneViewState":{"showFog":true,"showMaterialUpdate":false,"showSkybox":false,"showFlares":true,"showImageEffects":true,"showParticleSystems":true},"in2DMode":false,"pivot":{"x":-22.38083267211914,"y":5.105281352996826,"z":14.52218246459961},"rotation":{"x":-0.4368835687637329,"y":-0.23291417956352235,"z":0.11776486039161682,"w":-0.860912024974823},"size":83.78447723388672,"orthographic":false}