{"cameraMode":{"drawMode":0,"name":"Shaded","section":"Shading Mode"},"sceneLighting":false,"audioPlay":false,"sceneViewState":{"showFog":true,"showMaterialUpdate":false,"showSkybox":false,"showFlares":true,"showImageEffects":true,"showParticleSystems":true},"in2DMode":false,"pivot":{"x":-0.4818453788757324,"y":0.16615021228790284,"z":-0.32405853271484377},"rotation":{"x":-0.09520921856164932,"y":0.6895776987075806,"z":-0.09303661435842514,"w":-0.7119954228401184},"size":4.230022430419922,"orthographic":false}