{"cameraMode":{"drawMode":0,"name":"Shaded","section":"Shading Mode"},"sceneLighting":false,"audioPlay":false,"sceneViewState":{"showFog":true,"showMaterialUpdate":false,"showSkybox":false,"showFlares":true,"showImageEffects":true,"showParticleSystems":true},"in2DMode":false,"pivot":{"x":-4.625128746032715,"y":0.10000000149011612,"z":9.266312599182129},"rotation":{"x":0.5511248111724854,"y":-0.060818322002887729,"z":0.03867843374609947,"w":0.8319097757339478},"size":3.970853805541992,"orthographic":true}