{"cameraMode":{"drawMode":0,"name":"Shaded","section":"Shading Mode"},"sceneLighting":false,"audioPlay":false,"sceneViewState":{"showFog":true,"showMaterialUpdate":false,"showSkybox":false,"showFlares":true,"showImageEffects":true,"showParticleSystems":true},"in2DMode":false,"pivot":{"x":-22.055805206298829,"y":2.7069692611694338,"z":4.829021453857422},"rotation":{"x":0.2203090637922287,"y":0.708958625793457,"z":-0.25102245807647707,"w":0.6212870478630066},"size":21.579349517822267,"orthographic":false}