{"cameraMode":{"drawMode":0,"name":"Shaded","section":"Shading Mode"},"sceneLighting":false,"audioPlay":false,"sceneViewState":{"showFog":true,"showMaterialUpdate":false,"showSkybox":false,"showFlares":true,"showImageEffects":true,"showParticleSystems":true},"in2DMode":false,"pivot":{"x":-28.082942962646486,"y":11.369559288024903,"z":59.71213150024414},"rotation":{"x":0.508994996547699,"y":0.43589261174201968,"z":-0.33133792877197268,"w":0.6645770072937012},"size":128.4290313720703,"orthographic":true}